Title,Author,Category,Status,Why It Belongs
The Great Gatsby,F. Scott Fitzgerald,Fiction,Public Domain (2021),"Every sentence load-bearing. The green light means what it means because the whole book holds it."
Stories (selected),Anton Chekhov,Fiction,Public Domain,"Nothing wasted. ""The Lady with the Dog,"" ""The Darling,"" ""Gooseberries."" Constance Garnett translations are PD."
Ficciones,Jorge Luis Borges,Fiction,Need to Source,"Pure structure. ""The Library of Babel,"" ""Tlön,"" ""Pierre Menard."" Every story is a proof."
Dubliners,James Joyce,Fiction,Public Domain,"""The Dead"" especially — the snow falling on the living and the dead is earned by every paragraph before it."
Heart of Darkness,Joseph Conrad,Fiction,Public Domain,"The frame narrative constrains meaning. Marlow can't say it directly because the structure won't let him."
The Old Man and the Sea,Ernest Hemingway,Fiction,Need to Source,"Iceberg theory in practice — what's absent is load-bearing."
A Good Man Is Hard to Find,Flannery O'Connor,Fiction,Need to Source,"The violence earns itself through the whole structure. Grace as structural inevitability."
If on a winter's night a traveler,Italo Calvino,Fiction,Need to Source,"The structure IS the content. Self-referential constraint."
Pedro Páramo,Juan Rulfo,Fiction,Need to Source,"The dead speaking to the dead. The fragmentation is the form of the content."
Invisible Cities,Italo Calvino,Fiction,Need to Source,"Each city is a proof. The frame (Marco Polo / Kublai Khan) constrains all of them."
The Stranger,Albert Camus,Fiction,Need to Source,"The flat prose IS the philosophical argument. Form enacting content."
Notes from Underground,Fyodor Dostoevsky,Fiction,Public Domain,"The contradiction is the structure. The narrator can't escape himself and the form shows why."
The Brothers Karamazov,Fyodor Dostoevsky,Fiction,Public Domain,"The Grand Inquisitor chapter is one of the most internally constrained arguments in fiction. Every brother is a complete philosophy."
Crime and Punishment,Fyodor Dostoevsky,Fiction,Public Domain,"The entire novel is a syllogism. Raskolnikov's theory is tested by the murder."
The Idiot,Fyodor Dostoevsky,Fiction,Public Domain,"What happens when a genuinely good person enters a corrupt system. The structure is the impossibility proof."
Metamorphosis,Franz Kafka,Fiction,Public Domain,"The premise is the argument. Everything follows from the first sentence."
The Turn of the Screw,Henry James,Fiction,Public Domain,"Ambiguity as structural principle — the frame makes it unresolvable by design."
Stories (selected),Flannery O'Connor,Fiction,Need to Source,"""Everything That Rises Must Converge,"" ""A Good Man Is Hard to Find"""
Siddhartha,Hermann Hesse,Fiction,Public Domain,"Each chapter is a complete argument that the next chapter undoes. The structure IS the teaching."
The Death of Ivan Ilyich,Leo Tolstoy,Fiction,Public Domain,"Begins with the death. Everything after that is constrained by what you already know."
Billy Budd,Herman Melville,Fiction,Public Domain,"The stutter is the whole argument. Beauty can't speak in its own defense."
A Christmas Carol,Charles Dickens,Fiction,Public Domain,"Tight structure — three spirits, each a proof. Every scene earns the ending."
Anna Karenina,Leo Tolstoy,Fiction,Public Domain,"The dual structure (Anna/Levin) constrains both halves. The opening sentence is earned by the entire novel."
War and Peace,Leo Tolstoy,Fiction,Public Domain,"The philosophy-of-history chapters are internally constrained arguments. The scope IS the method."
Pride and Prejudice,Jane Austen,Fiction,Public Domain,"Every sentence is social analysis. The irony is structural."
Persuasion,Jane Austen,Fiction,Public Domain,"Her most compressed novel. The letter is earned by the entire book."
Middlemarch,George Eliot,Fiction,Public Domain,"Every subplot constrains every other. The web structure IS the argument about how lives interconnect."
Wuthering Heights,Emily Brontë,Fiction,Public Domain,"Nested narrators constrain meaning. The moors are structural, not decorative."
Jane Eyre,Charlotte Brontë,Fiction,Public Domain,"The moral argument IS the plot structure. Every location is a moral proof."
Frankenstein,Mary Shelley,Fiction,Public Domain,"Triple-nested narration. Each frame constrains the others. The Creature's eloquence is the argument."
Don Quixote,Miguel de Cervantes,Fiction,Public Domain,"The meta-fictional structure is the argument — Part 2 responds to readers of Part 1."
Candide,Voltaire,Fiction,Public Domain,"Satirical proof by counterexample. Every disaster is an argument against Pangloss."
Gulliver's Travels,Jonathan Swift,Fiction,Public Domain,"Satire as structural constraint. Each voyage is a proof."
The Trial,Franz Kafka,Fiction,Public Domain,"The structure enacts bureaucratic entrapment. The accusation IS the structure."
The Castle,Franz Kafka,Fiction,Public Domain,"The impossibility of arrival as narrative form. Unfinished — and the incompleteness is the argument."
Demons (The Possessed),Fyodor Dostoevsky,Fiction,Public Domain,"Political ideology as possession. The structure shows how ideas take over people."
Selected Stories,Edgar Allan Poe,Fiction,Public Domain,"Maximum compression in fiction. Every word earns the ending."
The Philosophy of Composition,Edgar Allan Poe,Fiction/Essay,Public Domain,"How to write, by someone practicing what he describes."
Strange Case of Dr Jekyll and Mr Hyde,R.L. Stevenson,Fiction,Public Domain,"Compression — 70 pages that contain a complete moral philosophy."
Moby-Dick,Herman Melville,Fiction,Public Domain,"The cetology chapters ARE load-bearing. The whiteness of the whale chapter is a philosophical proof."
Complete Poems,Emily Dickinson,Poetry,Public Domain,"Maximum information density. The dashes are structural."
Selected Poems,Gerard Manley Hopkins,Poetry,Public Domain,"Sprung rhythm — the meter IS the argument about nature and God."
Sonnets,Shakespeare,Poetry,Public Domain,"The volta is where the argument turns. Every sonnet is a proof."
Paradise Lost,John Milton,Poetry,Public Domain,"The syntax enacts the fall. Satan's speeches are formally seductive."
The Waste Land,T.S. Eliot,Poetry,Need to Source,"Fragmentation as form. Every fragment constrains every other fragment."
Sonnets to Orpheus / Duino Elegies,Rainer Maria Rilke,Poetry,Public Domain (German),"The elegies as sustained argument."
Leaves of Grass (1855 edition),Walt Whitman,Poetry,Public Domain,"The catalogues ARE the democratic argument. Form enacting content."
Selected Poems,W.B. Yeats,Poetry,Public Domain (pre-1928),"The gyre is formal, not decorative."
Autobiography of Red,Anne Carson,Poetry,Need to Source,"Novel-in-verse where the form (Stesichorus fragments) constrains the content."
The Iliad,Homer,Poetry/Epic,Public Domain,"The formulaic system IS the form of oral thought. Epithets are structural, not decorative."
The Odyssey,Homer,Poetry/Epic,Public Domain,"The return journey as structural argument. Disguise and recognition constrain every scene."
Divine Comedy,Dante,Poetry/Epic,Public Domain,"Terza rima: the chain of rhymes IS the journey."
Aeneid,Virgil,Poetry/Epic,Public Domain,"Rome's founding myth as structural argument. Soren studied this in Rome."
Metamorphoses,Ovid,Poetry/Epic,Public Domain,"Transformation as structural principle — 250 myths linked by metamorphosis. Soren studied this in Rome."
Satires,Juvenal,Poetry,Public Domain,"Rome curriculum. Moral argument as satire — the indignation is structural."
Parallel Lives (selected),Plutarch,Poetry/Biography,Public Domain,"Soren studied these in Rome. Paired biography as structural comparison."
Selected Poems,John Donne,Poetry,Public Domain,"Metaphysical conceits — extended metaphors that ARE the argument."
Selected Poems,George Herbert,Poetry,Public Domain,"Shape poems where the form IS the content."
Selected Poems,William Blake,Poetry,Public Domain,"Songs of Innocence and Experience — the paired structure constrains both halves."
Ariel,Sylvia Plath,Poetry,Need to Source,"The sound is the argument."
Tractatus Logico-Philosophicus,Ludwig Wittgenstein,Philosophy,Public Domain,"Numbered propositions. Each constrains the next. The ending is earned by the entire structure."
Meditations,Marcus Aurelius,Philosophy,Public Domain,"Thinking happening in real time, each thought self-contained and load-bearing."
Either/Or (selections),Søren Kierkegaard,Philosophy,Public Domain,"Pseudonymous voices that are internally consistent. The aesthetic and ethical as incompatible structures."
Fear and Trembling,Søren Kierkegaard,Philosophy,Public Domain,"The teleological suspension of the ethical as sustained argument."
Essays,Michel de Montaigne,Philosophy,Public Domain,"The essay form invented: thinking that watches itself think."
Apology / Phaedo / Republic / Symposium / Meno / Gorgias / Theaetetus,Plato,Philosophy,Public Domain,"Complete dialogues. Dialectic as form — the argument only works because it's a conversation."
Nicomachean Ethics,Aristotle,Philosophy,Public Domain,"Systematic but every step earns the next. The practical syllogism."
Summa Theologiae (selections),Thomas Aquinas,Philosophy,Public Domain,"Objection-reply structure. The form IS the intellectual honesty."
Tao Te Ching,Laozi,Philosophy,Public Domain,"Maximum compression. Paradox as structural principle."
Pensées,Blaise Pascal,Philosophy,Public Domain,"Fragments that constrain each other without system. The incompleteness is the form."
Phenomenology of Spirit (Preface),G.W.F. Hegel,Philosophy,Public Domain,"The Preface argues that philosophy can't have prefaces. Form enacting content."
An Enquiry Concerning Human Understanding,David Hume,Philosophy,Public Domain,"The argument against causation proceeds by causes."
Poetics,Aristotle,Philosophy,Public Domain,"The theory of tragedy as internally constrained argument."
The Discourses,Epictetus,Philosophy,Public Domain,"Practical Stoic philosophy. Direct, concrete, every example structural."
Letters to Lucilius (selected),Seneca,Philosophy,Public Domain,"124 letters. Each a complete philosophical argument addressed to a specific person."
Philosophical Investigations (selections),Ludwig Wittgenstein,Philosophy,Need to Source,"The later Wittgenstein dismantling the Tractatus. Language games as method."
The Sickness Unto Death,Søren Kierkegaard,Philosophy,Public Domain,"Despair analyzed with mathematical precision."
Confessions,Augustine,Philosophy,Public Domain,"The first autobiography as philosophical argument. Memory, time, and conversion."
Politics and the English Language,George Orwell,Essays,Need to Source,"The essay practices what it describes."
Notes of a Native Son,James Baldwin,Essays,Need to Source,"Personal and political as formally inseparable. The sentences enact the argument."
Self-Reliance / Experience,Ralph Waldo Emerson,Essays,Public Domain,"Each sentence is a complete thought. The paragraphs accumulate."
Civil Disobedience / Walden,Henry David Thoreau,Essays,Public Domain,"Walden's structure (one year compressed) IS the argument about attention."
Letters,John Keats,Essays/Letters,Public Domain,"Negative capability — thinking happening in real time."
Letters to a Young Poet,Rainer Maria Rilke,Essays/Letters,Public Domain,"Each letter is a complete response. The advice is formally enacted."
A Room of One's Own,Virginia Woolf,Essays,Need to Source,"The argument about freedom takes formal freedom."
The Myth of Sisyphus,Albert Camus,Essays,Need to Source,"The absurd as structural principle."
On the Shortness of Life,Seneca,Essays,Public Domain,"Compressed practical philosophy. Every sentence turns."
Narrative of the Life of Frederick Douglass,Frederick Douglass,Essays/Memoir,Public Domain,"Every sentence is evidence. The autobiography IS the argument against slavery."
"""What to the Slave Is the Fourth of July?""",Frederick Douglass,Essays/Speech,Public Domain,"The most structurally devastating speech in American rhetoric."
Second Inaugural / Gettysburg / House Divided,Abraham Lincoln,Essays/Speech,Public Domain,"Maximum compression in political rhetoric."
Areopagitica,John Milton,Essays,Public Domain,"The argument for free speech that practices free speech."
Common Sense,Thomas Paine,Essays,Public Domain,"Plain argument. Every sentence moves toward the conclusion."
The Autobiography of Benjamin Franklin,Benjamin Franklin,Essays/Memoir,Public Domain,"Self-construction as narrative form."
Democracy in America (selections),Alexis de Tocqueville,Essays,Public Domain,"Structural analysis of a society. The outsider's eye."
Elements (selections),Euclid,Mathematics,Public Domain,"The original constrained system. Each proposition builds on the previous."
On Formally Undecidable Propositions,Kurt Gödel,Mathematics,Public Domain,"The proof that proves its own necessity. Self-reference as mathematical structure."
A Mathematician's Apology,G.H. Hardy,Mathematics,Need to Source,"An argument about mathematical beauty that is itself beautiful."
Principia Mathematica (selections),Russell & Whitehead,Mathematics,Public Domain,"The attempt to derive everything from nothing."
The Common Law,Oliver Wendell Holmes Jr.,Legal,Public Domain,"The life of the law has not been logic; it has been experience."
Selected Opinions,Benjamin Cardozo,Legal,Public Domain (gov't),"Palsgraf — proximate cause as structural argument."
Selected Opinions,Learned Hand,Legal,Public Domain (gov't),"Clean reasoning. The Hand Formula."
Selected Opinions,Oliver Wendell Holmes Jr.,Legal,Public Domain (gov't),"Lochner dissent, Schenck, Abrams dissent."
A Theory of Justice,John Rawls,Legal/Philosophy,Need to Source,"The veil of ignorance as formal device. The structure generates the conclusions."
Oedipus Rex / Antigone,Sophocles,Drama,Public Domain,"Dramatic irony as structural principle."
Hamlet,Shakespeare,Drama,Public Domain,"The delay IS the play. The structure enacts the problem of action."
King Lear,Shakespeare,Drama,Public Domain,"The double plot constrains both halves. The storm is structural."
Macbeth,Shakespeare,Drama,Public Domain,"Compressed — the shortest tragedy. The prophecy constrains every choice."
The Tempest,Shakespeare,Drama,Public Domain,"The meta-theatrical frame. The renunciation of magic is the renunciation of art."
Othello,Shakespeare,Drama,Public Domain,"Iago's logic is formally perfect. Good reasoning from false premises produces catastrophe."
Three Sisters / Uncle Vanya / The Seagull,Anton Chekhov,Drama,Public Domain,"What's not said IS the play. Desire that can't be expressed directly."
Medea / The Bacchae,Euripides,Drama,Public Domain,"Medea's logic is internally perfect — that's the horror."
The Oresteia,Aeschylus,Drama,Public Domain,"Trilogy as argument. Justice evolves from vendetta to trial."
Waiting for Godot,Samuel Beckett,Drama,Need to Source,"Nothing happens, twice. The repetition is the argument."
The Cherry Orchard,Anton Chekhov,Drama,Public Domain,"What's not said is the play. The sound of the breaking string."
Ecclesiastes,—,Sacred/Wisdom,Public Domain (KJV),"The repetition IS the wisdom."
Book of Job,—,Sacred/Wisdom,Public Domain (KJV),"The frame story constrains everything. God's answer doesn't answer."
Gospel of Mark,—,Sacred/Wisdom,Public Domain (KJV),"The shortest gospel. The ending is the form of the content."
Bhagavad Gita,—,Sacred/Wisdom,Public Domain,"Dialogue on a battlefield. The setting constrains the philosophy."
Psalms (selected),—,Sacred/Wisdom,Public Domain (KJV),"The parallelism IS the form of Hebrew thought."
Song of Solomon,—,Sacred/Wisdom,Public Domain (KJV),"Erotic poetry that's also mystical. The ambiguity is structural."
Genesis 1-11,—,Sacred/Wisdom,Public Domain (KJV),"The primeval history. The repetitions are structural."
The Analects,Confucius,Sacred/Wisdom,Public Domain,"Compressed ethical reasoning. The form IS the philosophy."
Diamond Sutra,—,Contemplative,Public Domain,"Systematic self-negation. The repetition IS the teaching."
Heart Sutra,—,Contemplative,Public Domain,"~40 lines. A complete argument that undermines its own form."
Dhammapada,—,Contemplative,Public Domain,"Compressed ethical reasoning. Each verse self-contained but constrained by the whole."
Platform Sutra,Huineng,Contemplative,Public Domain,"Sudden enlightenment as structural principle."
Selected Koans (Mumonkan / Blue Cliff Record),—,Contemplative,Public Domain,"Pure structure-that-refuses-resolution."
The Cloud of Unknowing,Anonymous,Contemplative,Public Domain,"Knowledge of God through unknowing."
Meister Eckhart: Sermons (selected),Meister Eckhart,Contemplative,Public Domain,"Negation as theological method."
The Way of Chuang Tzu,Zhuangzi,Contemplative,Public Domain,"Parables that undo their own morals. Paradox as method, humor as vehicle."
Rumi: Selected Poems,Jalal al-Din Rumi,Contemplative,Public Domain,"Mystical poetry where the beloved is also the seeker is also the poem."
The Upanishads (selected),—,Contemplative,Public Domain,"Neti neti — definition by negation."
History of the Peloponnesian War,Thucydides,History,Public Domain,"The Melian Dialogue is a proof about power."
Histories (selections),Herodotus,History,Public Domain,"The digressions ARE the method."
The Decline and Fall of the Roman Empire (selections),Edward Gibbon,History,Public Domain,"The prose is load-bearing — Gibbon's irony IS the historical argument."
Annals / Histories (selections),Tacitus,History,Public Domain,"Compressed, devastating prose. Every sentence indicts."
The Prince,Niccolò Machiavelli,History/Philosophy,Public Domain,"Every chapter is a proof. The amorality is structural."
On the Electrodynamics of Moving Bodies (1905),Albert Einstein,Science,Free (Wikisource),"The argument is philosophical before it's mathematical."
The Feynman Lectures on Physics (1964),Richard Feynman,Science,Free (online),"Rebuilds physics from the inside out."
The Principles of Quantum Mechanics (1930),P.A.M. Dirac,Science,Archive.org,"Scarcely to be surpassed in brevity and elegance."
Mechanics (Course of Theoretical Physics Vol. 1),Landau & Lifshitz,Science,Archive.org,"No wasted words. Every derivation is the shortest possible."
On the Origin of Species (1859),Charles Darwin,Science,Public Domain (Gutenberg),"One long argument. Structured like a legal brief."
On Growth and Form (1917),D'Arcy Wentworth Thompson,Science,Public Domain (Gutenberg),"Good literature as well as good science."
What Is Life? (1944),Erwin Schrödinger,Science,Archive.org,"Names its uncertainty — and the honesty is load-bearing."
Molecular Structure of Nucleic Acids (1953),Watson & Crick,Science,Free online,"842 words. Maximum compression. The paper mirrors what it describes."
A Mathematical Theory of Communication (1948),Claude Shannon,Science,Free (Harvard PDF),"Opens by deliberately excluding meaning from communication theory."
Computing Machinery and Intelligence (1950),Alan Turing,Science,Free (UMBC PDF),"Replaces 'can machines think?' with a game."
The Chemical History of a Candle (1861),Michael Faraday,Science,Public Domain (Gutenberg),"Six lectures to children. A candle becomes a complete course in chemistry."
Silent Spring (1962),Rachel Carson,Science,Need to Source,"Shifts registers strategically: poetic, epidemiological, policy, elegiac."
The Voyage of the Beagle (1839),Charles Darwin,Science,Public Domain (Gutenberg),"Darwin at 22-27, watching everything for the first time."
Advice for a Young Investigator (1897),Santiago Ramón y Cajal,Science,Need to Source,"A novelist's eye applied to research methodology."
The First Three Minutes (1977),Steven Weinberg,Science,Need to Source,"The physics earns the philosophy."
The Cyberiad,Stanisław Lem,Candidates,Need to Source,"Constrained play. Each Trurl story is a thought experiment in story form."
Flatland,Edwin Abbott,Candidates,Public Domain,"Geometry as social satire. The constraint generates the content."
Alice's Adventures in Wonderland / Through the Looking-Glass,Lewis Carroll,Candidates,Public Domain,"Logic as play, play as logic. The nonsense has rules."
Exercises in Style,Raymond Queneau,Candidates,Need to Source,"The same story told 99 ways. The constraint IS the work."
If This Is a Man,Primo Levi,Candidates,Need to Source,"Witness writing with the precision of chemistry."
Cosmicomics,Italo Calvino,Candidates,Need to Source,"Scientific premises as story generators."
Pale Fire,Vladimir Nabokov,Candidates,Need to Source,"A poem and its commentary, where the commentary is a novel."
The Master and Margarita,Mikhail Bulgakov,Candidates,Need to Source,"Two narratives, two time periods, each constraining the other."
One Hundred Years of Solitude,Gabriel García Márquez,Candidates,Need to Source,"Circular time as narrative structure."
To the Lighthouse,Virginia Woolf,Candidates,Need to Source,"The structure (two days and ten years) is the argument."
Mrs. Dalloway,Virginia Woolf,Candidates,Need to Source,"One day, interlocking consciousnesses."
Blood Meridian,Cormac McCarthy,Candidates,Need to Source,"The violence is structural, not decorative."
The Sound and the Fury,William Faulkner,Candidates,Need to Source,"Four narrators, each constrained differently."
Zen and the Art of Motorcycle Maintenance,Robert Pirsig,Candidates,Need to Source,"The split structure IS the argument about quality."
GEB: An Eternal Golden Braid,Douglas Hofstadter,Candidates,Need to Source,"Self-reference as structure."
The Art of War,Sun Tzu,Candidates,Public Domain,"Compressed strategic reasoning."
Grimm's Fairy Tales,Brothers Grimm,Fables/Children's,Public Domain,"Compressed narrative logic, every element functional."
Aesop's Fables,Aesop,Fables/Children's,Public Domain,"The original compressed moral argument. Every element functional. Fox and grapes, tortoise and hare — structural proofs in miniature."
Panchatantra,Vishnu Sharma,Fables/Children's,Public Domain,"Indian fable collection (~200 BCE). Frame narrative — stories within stories within stories. Each nesting level constrains the next. The structure IS the pedagogy."
Jataka Tales (selected),—,Fables/Children's,Public Domain,"Buddhist birth stories. Each tale is a complete moral proof. The Buddha's past lives as structural arguments about karma and compassion."
1001 Nights (selected),—,Fables/Children's,Public Domain,"Scheherazade's frame narrative: the story-within-story structure is literally life-saving. The nesting IS the argument about the power of narrative."
Anansi Stories (selected),—,Fables/Children's,Public Domain (traditional),"West African trickster tales. The trickster IS the structural principle — subversion of power through wit. Oral tradition compressed into narrative logic."
Coyote Tales (selected),—,Fables/Children's,Public Domain (traditional),"Native American trickster narratives. The trickster creates and destroys through the same structural principle. Oral tradition, compressed, every element functional."
Aboriginal Dreamtime Stories (selected),—,Fables/Children's,Public Domain (traditional),"Australian creation narratives. Landscape as narrative. The stories explain the land and the land contains the stories — circular coherence."
Uncle Remus / Br'er Rabbit Stories,Joel Chandler Harris (recorded),Fables/Children's,Public Domain,"African American trickster tradition rooted in West African folklore. Problematic frame but the tales themselves are structurally perfect compressed narratives."
The Tortoise and the Hare and Other Aesopic Fables from Africa,—,Fables/Children's,Public Domain (traditional),"African variants of universal fable structures — same structural logic, different cultural contexts."
Le Petit Nicolas,René Goscinny,Fables/Children's,Need to Source,"French children's literature. The child narrator constrains the satire — what Nicolas can't understand IS the adult comedy."
Winnie-the-Pooh,A.A. Milne,Fables/Children's,Public Domain (2022),"Each chapter is structurally complete. The simplicity is precision — Pooh's bear-of-very-little-brain perspective IS the philosophical argument."
The Velveteen Rabbit,Margery Williams,Fables/Children's,Public Domain,"What is real? The structural question asked through a toy's life. The answer is earned by the whole narrative."
The Canterbury Tales (Middle English),Geoffrey Chaucer,Oral/Nonstandard,Public Domain,"Middle English. The frame (pilgrimage, storytelling contest) constrains every tale. The tales comment on each other. The General Prologue is character portraits that are each arguments. Nonstandard spelling is the point — coherence exists in forms other than Standard Modern English."
Beowulf (Old English),—,Oral/Nonstandard,Public Domain,"Alliterative verse. Kennings (whale-road, bone-house) are compressed structural metaphors. Formally alien to modern English and completely coherent. The oral form IS the thought."
Sir Gawain and the Green Knight (Middle English),—,Oral/Nonstandard,Public Domain,"Alliterative revival. The challenge-and-return structure constrains every scene. The green girdle is the structural argument about honor and cowardice."
The Mabinogion,—,Oral/Nonstandard,Public Domain,"Welsh mythology. Four branches, each structurally linked. Oral tradition in written form — the repetitions are structural, not decorative."
Sundiata: An Epic of Old Mali,Djibril Tamsir Niane (transcription),Oral/Nonstandard,Need to Source,"West African oral epic. The griot tradition — history as performance. The structure of oral recitation constrains the narrative differently than written form."
Popol Vuh,—,Oral/Nonstandard,Public Domain,"K'iche' Maya creation narrative. Cyclical structure — creation, destruction, recreation. The repetition IS the cosmological argument."
The Epic of Gilgamesh,—,Oral/Nonstandard,Public Domain,"The oldest surviving literary work. The friendship, the quest, the flood, the return — structural archetypes in their earliest form."
Kalevala,Elias Lönnrot (compiled),Oral/Nonstandard,Public Domain,"Finnish oral epic compiled from folk songs. The meter (trochaic tetrameter) IS the form of Finnish oral thought."
The Prose Edda / Poetic Edda,Snorri Sturluson / —,Oral/Nonstandard,Public Domain,"Norse mythology. Kenning-rich, structurally complex. The cosmology (Yggdrasil, Ragnarök) is a structural argument about time and fate."
De Architectura (Ten Books on Architecture),Vitruvius,Craft/Design,Public Domain,"The foundational text on architecture. Firmitas, utilitas, venustas (strength, utility, beauty). Each principle constrains the others. The structure of the book mirrors the structure of a building."
Four Books of Architecture,Andrea Palladio,Craft/Design,Public Domain,"Renaissance architectural theory by its greatest practitioner. Each book constrains the next — materials, private houses, public buildings, temples. The proportions ARE the argument."
Il Libro dell'Arte (The Craftsman's Handbook),Cennino Cennini,Craft/Design,Public Domain,"Medieval painting manual. How to grind pigments, prepare panels, apply gold leaf. Each step constrains the next. The craft IS the art — no separation between technique and vision."
Notebooks (selected),Leonardo da Vinci,Craft/Design,Public Domain,"Observation as method. Drawing as thinking. The notebooks don't separate art from engineering from anatomy — the synthesis IS the coherence."
A Pattern Language,Christopher Alexander,Craft/Design,Need to Source,"253 patterns, each linked to others. The network of patterns IS the theory of architecture. Each pattern is a structural argument about human habitation."
The Book of Tea,Kakuzō Okakura,Craft/Design,Public Domain,"The tea ceremony as structural argument about aesthetics. Teaism as philosophy enacted through practice. Written in English by a Japanese aesthetician — itself a translation of form."
In Praise of Shadows,Jun'ichirō Tanizaki,Craft/Design,Need to Source,"Japanese aesthetic theory. The argument that beauty lives in shadow, patina, imperfection. The essay's form (meditative, digressive) enacts the aesthetic it describes."
The Book of Five Rings,Miyamoto Musashi,Craft/Design,Public Domain,"Strategy as structural argument. Five elements (ground, water, fire, wind, void). Each constrains the martial practice. Written by a swordsman at the end of his life."
The Art of War,Sun Tzu,Craft/Design,Public Domain,"Compressed strategic reasoning. Each chapter is a structural argument about conflict."
The Work of Art in the Age of Mechanical Reproduction,Walter Benjamin,Philosophy/Art,Need to Source,"Numbered theses, each building on the previous. The conclusion (aestheticization of politics) earned by the entire argument. The structure is load-bearing."
Minima Moralia,Theodor Adorno,Philosophy,Need to Source,"Aphorisms about damaged life. Each fragment is a complete argument. Oskar's mode applied to society — compression as critique."
A Sand County Almanac,Aldo Leopold,Science/Essays,Need to Source,"Ecological ethics where every observation earns the ethics. The land ethic is the conclusion the whole book builds toward."
The Miracle of Mindfulness,Thich Nhat Hanh,Contemplative,Need to Source,"Practical contemplative instruction. The simplicity is structural — each exercise is complete and self-contained."
The Heart of the Buddha's Teaching,Thich Nhat Hanh,Contemplative,Need to Source,"Clear exposition of Buddhist concepts where the clarity IS the practice. Not simplification — structural honesty."
Being Peace,Thich Nhat Hanh,Contemplative,Need to Source,"The title is the argument. The brevity is load-bearing."
Beyond Good and Evil,Friedrich Nietzsche,Philosophy,Public Domain,"Aphoristic philosophy — each aphorism is a complete argument that detonates on contact. The numbered sections constrain each other without system."
On the Genealogy of Morality,Friedrich Nietzsche,Philosophy,Public Domain,"Three essays, each a genealogical proof. The method (tracing origins) IS the argument about values. Internally devastating."
Ecce Homo,Friedrich Nietzsche,Philosophy,Public Domain,"Autobiography as philosophical argument. 'Why I Am So Wise' — the self-assessment is the philosophy. Form enacting content at the edge of madness."
Thus Spoke Zarathustra,Friedrich Nietzsche,Philosophy,Public Domain,"Philosophy written as scripture, deliberately inverting the Bible's forms. The aphoristic mode, the parables, the repetition ('thus spoke Zarathustra') — all structural."
The Gay Science,Friedrich Nietzsche,Philosophy,Public Domain,"'God is dead' in context. Aphorisms + songs + preface that's itself philosophy. The joy IS the method — gay science means cheerful knowledge."
The Words,Jean-Paul Sartre,Philosophy/Memoir,Need to Source,"Autobiography as existential argument. The construction of a self through writing — form enacting the thesis about freedom and bad faith."
Oh the Places You'll Go,Dr. Seuss,Children's/Poetry,Need to Source,"Simplicity as structural achievement. The rhyme constraint generates the wisdom. Every child who hears it gets the argument."
The Little Prince,Antoine de Saint-Exupéry,Children's/Fiction,Need to Source,"'What is essential is invisible to the eye.' The simplicity is the profundity — the form argues that children see what adults can't."
To Kill a Mockingbird,Harper Lee,Fiction,Need to Source,"The child narrator constrains the moral argument. Scout can describe what she can't understand, and the gap IS the injustice."
The Protestant Ethic and the Spirit of Capitalism,Max Weber,Social Science,Public Domain,"The thesis (Protestantism → capitalism) is structurally elegant. Every chapter earns the next. The argument works because the connection is demonstrated, not asserted."
Capital in the Twenty-First Century,Thomas Piketty,Social Science,Need to Source,"r > g as structural argument. The data IS the thesis. Every chart earns the conclusion."
The Communist Manifesto,Karl Marx & Friedrich Engels,Social Science,Public Domain,"Compressed political argument. Every sentence drives toward the conclusion. The rhetoric is structural, not decorative."
The Souls of Black Folk,W.E.B. Du Bois,Essays/Social Science,Public Domain,"Double-consciousness as structural principle. Alternating chapters of sociology and sorrow songs — the form IS the argument about divided experience."
A Vindication of the Rights of Woman,Mary Wollstonecraft,Essays,Public Domain,"The argument for women's education that itself demonstrates educated reason. The form proves the thesis."
Letter from Birmingham Jail,Martin Luther King Jr.,Essays/Speech,Need to Source,"One of the most structurally perfect pieces of rhetoric in English. Every paragraph answers a specific objection. The form IS the moral authority."
The Varieties of Religious Experience,William James,Philosophy/Psychology,Public Domain,"Pragmatist philosophy of religion through case studies. The method (attend to experience, not doctrine) IS the argument."
The Interpretation of Dreams,Sigmund Freud,Psychology,Public Domain,"Whether you believe the theory or not, the structure — case, analysis, theory, revision — is internally constrained. The method of reading IS the argument."
Tristes Tropiques,Claude Lévi-Strauss,Anthropology,Need to Source,"Anthropology as autobiography as philosophy. The structure refuses to separate observation from the observer. The disillusioned honesty is load-bearing."
The Remains of the Day,Kazuo Ishiguro,Fiction,Need to Source,"Everything Stevens doesn't say IS the novel. The unreliable narrator is structural — the restraint enacts the tragedy."
Beloved,Toni Morrison,Fiction,Need to Source,"The fragmented structure IS the trauma. Memory as structural principle — what can't be said directly erupts through the form."
Slaughterhouse-Five,Kurt Vonnegut,Fiction,Need to Source,"'So it goes' as structural repetition. The time structure IS the PTSD argument. Anti-chronological because trauma is anti-chronological."
Catch-22,Joseph Heller,Fiction,Need to Source,"The circular logic IS the argument about bureaucracy. The structure enacts the trap."
The Road,Cormac McCarthy,Fiction,Need to Source,"Compressed. Every sentence load-bearing. No chapters, no quotation marks — the stripped form IS the stripped world."
The Wealth of Nations (selections),Adam Smith,Social Science,Public Domain,"The invisible hand in context. The argument builds from observation of pin factories to theory of markets. Each step earns the next."
Pedagogy of the Oppressed,Paulo Freire,Social Science,Need to Source,"The banking model of education vs. problem-posing education. The argument's form (dialogic) practices what it prescribes."
The Wretched of the Earth,Frantz Fanon,Social Science,Need to Source,"Violence as structural analysis. The psychiatrist's eye applied to colonialism — clinical precision about political horror."
The Structure of Scientific Revolutions,Thomas Kuhn,Science/Philosophy,Need to Source,"The argument about paradigm shifts is itself paradigm-shifting. The form demonstrates the thesis."
Concerning the Spiritual in Art,Wassily Kandinsky,Art/Philosophy,Public Domain,"Abstract art's theoretical foundation by its practitioner. The theory of color and form is itself a formal argument."
Silence: Lectures and Writings,John Cage,Art/Philosophy,Need to Source,"Chance operations applied to prose. The form IS the argument about silence, structure, and the dissolution of the author."
Charlotte's Web,E.B. White,Children's/Fiction,Need to Source,"Every sentence is precise. The death is earned by the entire structure. Writing about mortality for children with zero condescension."
Where the Wild Things Are,Maurice Sendak,Children's/Fiction,Need to Source,"Departure, wilderness, return — the complete arc in minimum form. The pictures and words constrain each other."
The Giving Tree,Shel Silverstein,Children's/Fiction,Need to Source,"Structurally complete parable. The repetition IS the argument about love and depletion. Disturbing and perfect."
Man's Search for Meaning,Viktor Frankl,Philosophy/Memoir,Need to Source,"The concentration camp memoir + logotherapy theory. Part 1 earns Part 2. The experience constrains the philosophy."
Thinking Fast and Slow,Daniel Kahneman,Psychology/Science,Need to Source,"The two-system framework. Every experiment earns the theory. The structure mirrors the argument — System 1 examples interrupt System 2 exposition."
The Second Sex (selections),Simone de Beauvoir,Philosophy,Need to Source,"'One is not born, but rather becomes, a woman.' The existentialist analysis of gender as structurally complete argument."
Meditations on First Philosophy,René Descartes,Philosophy,Public Domain,"The method of doubt as structural principle. Each meditation constrains the next. 'I think therefore I am' is earned by everything before it."
The Social Contract,Jean-Jacques Rousseau,Philosophy,Public Domain,"'Man is born free, and everywhere he is in chains.' The opening sentence constrains the entire argument."
Two Treatises of Government,John Locke,Philosophy,Public Domain,"The natural rights argument where each step earns the next. The foundation of liberal political philosophy."
Critique of Pure Reason (selections),Immanuel Kant,Philosophy,Public Domain,"The transcendental deduction. Synthetic a priori as structural argument. Difficult but every part is necessary."
On Liberty,John Stuart Mill,Philosophy,Public Domain,"The harm principle as generative constraint. Every chapter applies one principle to a different domain."
Leviathan (selections),Thomas Hobbes,Philosophy,Public Domain,"The state of nature as structural premise. Everything follows from the initial condition."
Mūlamadhyamakakārikā (Fundamental Verses on the Middle Way),Nagarjuna,Philosophy/Indian,Public Domain,"450 verses applying the same logical move (prasanga/reductio) to 27 domains. The catuṣkoṭi (four-fold negation) is a genuine extension of logical space with no Western parallel. Every chapter is the same argument; the universality IS the argument."
Nyaya Sutras (with Vatsyayana commentary),Gautama,Philosophy/Indian,Public Domain,"Founding text of Indian logic. The five-step syllogism requires concrete examples as formal elements — validity is not purely formal. A different conception of what an argument is."
Commentaries on the Brahma Sutras (selections),Shankara,Philosophy/Indian,Need to Source,"Two levels of truth (vyavaharika/paramarthika) as structural principle. Knowledge is not a relation between knower and known — it's self-presence of consciousness. Epistemology and ontology formally unified."
Tahafut al-Tahafut (The Incoherence of the Incoherence),Ibn Rushd (Averroes),Philosophy/Islamic,Public Domain,"Point-by-point dialectic — the book structurally requires the opponent's text to function. Pure dialectic where every claim exists only in relation to its counter."
Tahafut al-Falasifa (The Incoherence of the Philosophers),Al-Ghazali,Philosophy/Islamic,Public Domain,"Immanent critique: shows philosophy fails on philosophy's own terms. Each of 20 positions demolished from within. Anticipates Kant's critique of speculative metaphysics."
Fusus al-Hikam (The Bezels of Wisdom),Ibn Arabi,Philosophy/Islamic,Public Domain,"27 chapters for 27 prophets. Hidden musical structure (Arabic alphabet correspondence). Argues through form rather than in form — you cannot summarize it as propositions without losing it."
Muqaddimah,Ibn Khaldun,Philosophy/Islamic,Public Domain,"Asabiyya (group solidarity) as structural variable for a complete social science. Anticipates Durkheim on solidarity Marx on material conditions Toynbee on civilizational cycles — as a unified theory in the 14th century."
The Invention of Africa: Gnosis Philosophy and the Order of Knowledge,V.Y. Mudimbe,Philosophy/African,Need to Source (Monoskop PDF),"The meta-level IS the argument. You cannot say 'here is African thought' without first asking whether the category has been constituted in a way that forecloses the answer. Recursion as necessity."
African Philosophy: Myth and Reality,Paulin Hountondji,Philosophy/African,Need to Source (libcom PDF),"Polemic as self-applying critique: the book's argument (philosophy must be individually authored and critical) is enacted by the book itself. Form is content."
Cultural Universals and Particulars: An African Perspective,Kwasi Wiredu,Philosophy/African,Need to Source,"Most rigorous analytic philosophy from African concepts. The Akan concept of personhood (onipa) as something one becomes through moral achievement — a different carving of the ontological landscape."
Necropolitics,Achille Mbembe,Philosophy/African,Need to Source,"Tight deductive structure arguing from the periphery toward the center of Western political theory. The center/periphery reversal is formal not just rhetorical."
Bantu Philosophy,Placide Tempels,Philosophy/African,Public Domain (cyrho.com),"Coherent alternative to Western substance metaphysics (vital force ontology). Ethically compromised — read with Hountondji as dialectical unit. The critique IS the pedagogy."
Sage Philosophy,Henry Odera Oruka,Philosophy/African,Need to Source,"Philosophy as interview. The dialogue form isn't imposed — it's the natural form of sagacious reasoning. Socratic parallels discovered independently."
Things Fall Apart,Chinua Achebe,Fiction/African,Need to Source,"Structure enacts the tragedy: the same quality that makes Okonkwo exceptional within his system makes him unable to adapt. Achebe places weight on Igbo life that European literature denied it."
An Image of Africa,Chinua Achebe,Essays/African,Public Domain (kirbyk.net),"30 pages. Demonstrates through close reading that a book can be aesthetically accomplished and morally bankrupt simultaneously. The argument is structural not polemical."
Decolonising the Mind,Ngũgĩ wa Thiong'o,Philosophy/African,Need to Source (marxistnkrumaistforum PDF),"Self-consuming artifact: the book announces it will be the author's last work in English. The book as object IS the argument's conclusion."
Death and the King's Horseman,Wole Soyinka,Drama/African,Public Domain (jpellegrino PDF),"Yoruba tragedy redefined: the whole community suffers from one man's hesitation. Tragic form structurally different from Aristotelian — cosmic not psychological."
A Question of Power,Bessie Head,Fiction/African,Need to Source,"Madness as epistemic form — the novel thinks through the hallucinations not despite them. Radically different from Western literary treatments of madness."
The Famished Road,Ben Okri,Fiction/African,Need to Source,"Abiku (spirit child) as structural principle. Spiraling rather than linear — events recur and intensify. The road is famished as structural property not theme."
Nervous Conditions,Tsitsi Dangarembga,Fiction/African,Need to Source,"The body as argument. In a tradition where women cannot argue directly the body becomes the form through which the argument is made. Plot content IS the argument."
Our Sister Killjoy,Ama Ata Aidoo,Fiction/African,Need to Source,"Prose/poetry/polemic hybrid where the mixture is not genre experimentation but an argument about what a single voice can contain. Form as political argument."
Hōjōki (An Account of My Hut),Kamo no Chōmei,Philosophy/Japanese,Public Domain (Columbia),"Three movements: catastrophes / meditation on impermanence / the hut. Each requires the previous. The hut is not a symbol — it is the conclusion of the argument."
Tsurezuregusa (Essays in Idleness),Yoshida Kenkō,Philosophy/Japanese,Public Domain,"243 fragments. A complete internally coherent argument for the superiority of incompleteness would be self-refuting. The fragmentary form IS the argument. Edge case for the criterion."
Oku no Hosomichi (The Narrow Road to the Deep North),Matsuo Bashō,Poetry/Japanese,Public Domain,"Haibun form: prose sets scene haiku compresses instant of perception. The alternation enacts the Buddhist distinction between conceptual experience and direct perception."
The Tale of Genji,Murasaki Shikibu,Fiction/Japanese,Public Domain (Waley trans.),"The world's first novel. Knowledge of persons IS aesthetic knowledge — epistemic and aesthetic capacity are formally unified. Musical unity (themes and variations) rather than logical."
The Design of Experiments,R.A. Fisher,Science/Methods,Need to Source,"Founded experimental design. Randomization as structural principle — not a technique but a logical requirement for valid inference. Every chapter earns the next."
How to Solve It,George Pólya,Science/Methods,Need to Source,"Problem-solving methodology that is itself a structural proof. The heuristic method is demonstrated in the act of teaching it. Form enacting content."
Exploratory Data Analysis,John Tukey,Science/Methods,Need to Source,"Every technique earns the next. The argument: look at the data before testing hypotheses. The book's structure (pictures first theory second) IS the methodological claim."
A Treatise on Electricity and Magnetism,James Clerk Maxwell,Science/Engineering,Public Domain,"The mathematical unification of electricity and magnetism. Every equation earns the next. Maxwell's equations as structural proof — four equations that contain all of electromagnetism."
The Art of Electronics,Paul Horowitz & Winfield Hill,Science/Engineering,Need to Source,"Practical electronics from first principles. Every circuit earns the next. The pedagogy IS the engineering — you learn by building in the order the book prescribes."
The C Programming Language,Brian Kernighan & Dennis Ritchie,Science/Engineering,Need to Source,"Every example earns the next. The language is taught through programs that demonstrate it. The book's compression mirrors the language's compression. 'Hello World' is load-bearing."
The Art of Computer Programming (selections),Donald Knuth,Science/Engineering,Need to Source,"Structure IS the argument about algorithms. Each algorithm is a proof. The mathematical rigor is not decoration — it's the content."
Le Guide Culinaire,Auguste Escoffier,Craft/Instructional,Public Domain,"Foundational culinary manual. The mother sauces as structural principle — five bases from which all sauces derive. The taxonomy IS the technique."
The Physiology of Taste,Jean Anthelme Brillat-Savarin,Craft/Instructional,Public Domain,"Gastronomy as philosophy. The meditations are structured arguments about taste sensation pleasure and civilization. 'Tell me what you eat and I will tell you what you are.'"
On Cooking: A Textbook of Culinary Fundamentals,Sarah Labensky,Craft/Instructional,Need to Source,"If included: the structure (techniques before recipes) IS the pedagogical argument. Each technique constrains what you can cook."
The Fundamental Principles of the Metaphysic of Morals,Immanuel Kant,Philosophy,Public Domain,"The categorical imperative derived from pure reason. Every step earns the next. The form (deduction from principle) IS the moral philosophy."
The Beautyful Ones Are Not Yet Born,Ayi Kwei Armah,Fiction/African,Need to Source,"The deliberate misspelling is structural. The prose is viscerally physical — decay and corruption rendered in hallucinatory bodily detail. The moral argument lives in the sensory texture not above it."
Who Fears Death,Nnedi Okofor,Fiction/African,Need to Source,"Africanfuturist novel grounded in actual Sudanese genocide. Magic realism where the magic is structurally necessary — it's not decoration on a realist story but the form through which the story can be told at all."
